type,name,notice,furigana
資源,アイアン（ゴルフクラブ）,,あ
資源,アイスピック,危なくないよう刃先を紙でくるむ,あ
燃えないゴミ,アイロン,本体が金属製のものは「資源品（金属類）」,あ
燃えないゴミ,アイロン台,,あ
資源,空き箱,たたんでひもで束ねる,あ
資源,空き箱,たたんでひもで束ねる,あ
燃えないゴミ,空き箱,1辺1.2メートル以上は「粗大ごみ」,あ
燃えないゴミ,アコーディオンカーテン,,あ
資源,足踏み健康器具,ペダル部分以外がほぼ金属製のもの,あ
資源,アタッシュケース,本体周りがアルミ等の金属製のもの,あ
燃えないゴミ,その他の材質,,あ
燃えないゴミ,アダプター,,あ
資源,厚紙,,あ
資源,圧力釜,,あ
資源,圧力鍋,,あ
燃えるゴミ,油（食用油）,固めるか布などに染み込ませる,あ
燃えないゴミ,油絵,,あ
燃えるゴミ,油紙,,あ
資源,油こし容器,,あ
容器包装プラスチック類,油（食用油）の容器,使い切ってあれば可,あ
容器包装プラスチック類,油（食用油）の容器,油の付着によりＰＥＴボトルとして資源化できないため,あ
資源,油（食用油）の容器,,あ
資源,油撥ね防止ガード,ガスレンジの周りを覆うもので汚れていても可,あ
燃えないゴミ,雨合羽（ビニール製）,,あ
資源,雨戸（1?2枚）,自己施工のもの,あ
燃えないゴミ,雨戸（1?2枚）,1.8メートル×0.9メートル程度の大きさで自己施工のもの,あ
燃えないゴミ,網,1辺1.2メートル未満にたたむ,あ
資源,網,,あ
資源,編み機,,あ
資源,網戸,網つきでも網なしでもよい,あ
燃えないゴミ,網戸,網つきでも網なしでもよい／1.8メートル×0.9メートルの大きさまで可,あ
燃えないゴミ,網戸（網部分のみ）,1辺1.2メートル未満にたたむ,あ
資源,網戸（網部分のみ）,,あ
資源,編み針・編み棒,,あ
燃えないゴミ,編み針・編み棒,,あ
燃えるゴミ,木製,,あ
燃えないゴミ,アルバム,,あ
燃えるゴミ,アルバム,写真現像店でもらう紙表紙のもの,あ
資源,アルミガード,ガスレンジの周りを覆うもので汚れていても可,あ
資源,アルミサッシ,自己施工のみ,あ
燃えないゴミ,アルミサッシ,自己施工のみ,あ
燃えないゴミ,ガラス付アルミ枠,自己施工のみ,あ
資源,アルミ製品,,あ
資源,アルミホイール（車部品）,,あ
資源,アルミホイル,汚れたものは「可燃ごみ」,あ
資源,泡立て器,,あ
燃えないゴミ,泡立て器,,あ
燃えないゴミ,あんか,,あ
資源,安全剃刀,紙に包んで中身を明記する,あ
燃えないゴミ,安全剃刀,,あ
資源,安全ピン,紙に包んで中身を明記する,あ
資源,アンテナ（室内用、室外用、BS用とも）,,あ
燃えないゴミ,アンテナケーブル,,あ
燃えないゴミ,アンプ,,あ
燃えないゴミ,いぐさ,畳おもてのようなもの,い
燃えるゴミ,石,,い
資源,衣装ケース,,い
燃えないゴミ,衣装ケース,,い
資源,紙製,,い
資源,椅子,座るところは金属でなくても可,い
燃えないゴミ,衣装ケース,,い
燃えないゴミ,板,1辺1.2メートル未満にする,い
燃えないゴミ,板ガラス,ガラス面の対角線をガムテープ等で×に貼る,い
資源,一輪車（スポーツ用）,「資源品」と表示する,い
資源,一輪車（作業用；通称ねこ車）,「資源品」と表示する,い
資源,一斗缶（18リットル缶）,,い
燃えるゴミ,糸,,い
燃えるゴミ,糸,,い
資源,糸のこぎり,危なくないように刃先を紙でくるむ,い
資源,井戸用ポンプ,自己施工のみ,い
燃えないゴミ,犬小屋（プラスチック製、木製とも）,1辺1.2メートル以上のものは「粗大ごみ」,い
燃えるゴミ,犬の糞,遮水を施し紙等でくるむ,い
資源,鋳物鍋,,い
燃えないゴミ,衣類カバー,,い
燃えないゴミ,入れ歯,,い
燃えるゴミ,印鑑,,い
燃えないゴミ,インクカートリッジ,できるだけ電器店の回収箱へ,い
燃えないゴミ,インクリボン（プリンタ用）,できるだけ電器店の回収箱へ,い
燃えないゴミ,インターホン,,い
燃えるゴミ,ウィッグ,,う
燃えないゴミ,美容師の練習用マネキン,,う
資源,ウインドブレーカー,,う
燃えないゴミ,植木,,う
資源,植木ばさみ（柄つき）,,う
燃えないゴミ,植木鉢,,う
燃えないゴミ,ウエストポーチ,,う
燃えないゴミ,ウエットスーツ,,う
燃えるゴミ,ウエットティッシュ,,う
資源,ウォーキングマシン,3メートル、30キログラムを超えるものは資源組合で直接回収電話番号04-7131-1040,う
燃えないゴミ,浮き輪,,う
燃えるゴミ,うちわ,紙部分が多いため,う
資源,ウッド（ゴルフクラブ）,,う
燃えないゴミ,ウッドカーペット,まるめず1.2メートル未満に折りたたむ,う
燃えないゴミ,腕時計,,う
資源,乳母車,,う
燃えないゴミ,乳母車,,う
燃えないゴミ,梅酒ビン,自家製の梅酒を作るための広口ビン,う
燃えないゴミ,ウレタン,,う
燃えないゴミ,ウレタンマット,カバーはあってもなくてもよい,う
燃えないゴミ,運動靴,,う
資源,エアロバイク,,え
燃えないゴミ,映写機,,え
燃えないゴミ,ＡＶ機器,,え
資源,枝切りはさみ,危なくないように刃先をくるむ,え
資源,絵の具チューブ,中身を使い切る,え
容器包装プラスチック類,絵の具チューブ,中身を使い切る,え
資源,エプロン,,え
燃えないゴミ,メートルＯ,,え
燃えないゴミ,メートルＤ,,え
燃えないゴミ,メートルＤプレーヤー,,え
燃えないゴミ,ＬＤ,,え
燃えないゴミ,ＬＤプレーヤー,,え
燃えないゴミ,エレキギター,,え
燃えるゴミ,エンジンオイル,,え
燃えないゴミ,延長コード,,え
燃えるゴミ,鉛筆,,え
燃えないゴミ,鉛筆削り器,電動でも手動でも小型でもすべて,え
燃えるゴミ,オアシス（吸水フォーム）,,お
資源,オイルヒーター,オイルは抜けないのでそのままで可,お
燃えないゴミ,オーディオ機器（プレーヤー、スピーカー等）,,お
資源,オーブン（電気、ガスとも）,,お
資源,オーブントースター,,お
資源,オーブンレンジ,,お
燃えないゴミ,桶,,お
資源,桶,,お
資源,おたま,柄が金属でなくても可,お
燃えないゴミ,おたま,,お
燃えないゴミ,落ち葉,,お
資源,帯,,お
燃えないゴミ,おひつ,,お
燃えないゴミ,オペラグラス,,お
燃えないゴミ,おまる,中は水洗いする,お
資源,おまる,中は水洗いする,お
燃えるゴミ,おむつ,汚物は取り除く,お
燃えないゴミ,おもちゃ,,お
資源,おもちゃ,,お
資源,折込広告,,お
資源,折りたたみ椅子（金属製）,,お
資源,おろしがね,,お
燃えないゴミ,おろしがね,,お
資源,温水器,,お
燃えないゴミ,温度計,赤い液体は油のため処理に影響なし,お
燃えるゴミ,ガーゼ,,か
資源,カーテン,,か
資源,カーテンレール,,か
燃えないゴミ,カーテンレール,長さ1.2メートル未満に折るか切る,か
燃えるゴミ,カード,,か
燃えないゴミ,カード,磁気部分にはさみを入れる,か
燃えないゴミ,カーナビ,,か
燃えないゴミ,カーペット（電気カーペットを含む）,長さ1.2メートル未満にたたむ,か
燃えるゴミ,カーボン紙,,か
燃えないゴミ,カーボンヒーター,,か
燃えるゴミ,貝殻,,か
資源,懐中電灯,電池は抜いて「有害ごみ」で出す,か
燃えないゴミ,懐中電灯,電池は抜いて「有害ごみ」で出す,か
資源,カイロ,,か
燃えるゴミ,カイロ,,か
燃えないゴミ,鏡,大きいものは鏡面の対角線をガムテープ等で×に貼る,か
資源,鍵,,か
資源,家具,,か
燃えないゴミ,家具,,か
燃えないゴミ,角材,長さ1メートル未満なら太さ10センチメートル程度のものまで出せる,か
燃えないゴミ,学習机のたな,1辺1.2メートル未満のもの,か
燃えないゴミ,額縁,木製でガラスがなく指定ごみ袋に入る大きさなら「可燃ごみ」,か
燃えないゴミ,掛け軸,紙だけなら「可燃ごみ」,か
燃えないゴミ,傘,骨だけであれば「資源品（金属類）」,か
燃えるゴミ,傘,,か
燃えないゴミ,傘,,か
資源,傘,,か
燃えないゴミ,加湿器,フィルターも「不燃ごみ」,か
燃えないゴミ,果実酒ビン,,か
資源,菓子箱（紙製）,ビニールコーティングされているものは「可燃ごみ」,か
容器包装プラスチック類,菓子袋,,か
容器包装プラスチック類,菓子袋,中が銀色のもの,か
燃えるゴミ,ビニールコーティング,,か
資源,ガスオーブン,,か
有害ごみ,ガスコテ,ガスを動力とした髪用のコテ,か
資源,ガスコンロ,,か
資源,ガス炊飯器,,か
資源,ガスストーブ,,か
資源,ガステーブル,,か
資源,ガスボンベ,使い切り穴を開ける,か
資源,ガスレンジ,,か
資源,ガスレンジカバー,ガスレンジの周りを覆うもので汚れていても可,か
資源,カセットコンロ,ボンベ缶は外し穴を開けて「資源品（空きカン類）」,か
燃えるゴミ,カセットテープ,紐で束ねても排出可/ケースに入れたままで可／ケースのみは「不燃ごみ」,か
燃えないゴミ,カセットデッキ,,か
資源,片手鍋,,か
資源,カタログ,ビニールコーティングされているものは「可燃ごみ」,か
資源,カッターナイフ,,か
燃えないゴミ,カッターナイフ,,か
資源,カッターナイフの刃,紙に包んで中味を明記する,か
燃えないゴミ,合羽（ビニール製）,,か
燃えるゴミ,カップ麺のふた（紙製）,,か
容器包装プラスチック類,カップ麺の容器,軽くすすぐ,か
燃えるゴミ,カップ麺の容器,,か
燃えるゴミ,かつら,化繊でも人毛でも,か
燃えないゴミ,門松,1辺1.2メートル未満のもの,か
資源,金あみ,長さ3メートル以下にたたむ,か
資源,かなづち,,か
燃えないゴミ,カバー（ナイロンシート状のもの）,,か
燃えないゴミ,鞄,,か
資源,画鋲,紙に包んで中身を明記する,か
燃えないゴミ,花瓶,,か
資源,花瓶,,か
燃えないゴミ,壁紙（ビニールクロス）,自己施工のみ/レジ袋で5袋程度までは排出可/それ以上は北部クリーンセンターに直接搬入,か
資源,鎌,危なくないよう刃先をくるむ,か
資源,紙,,か
燃えるゴミ,紙,,か
燃えるゴミ,紙,,か
燃えるゴミ,紙おむつ,汚物は取り除く,か
燃えるゴミ,紙コップ,,か
燃えるゴミ,紙皿,,か
資源,剃刀,危なくないよう刃先をくるむ,か
燃えないゴミ,剃刀,,か
燃えないゴミ,剃刀,,か
資源,剃刀の刃,紙に包んで中身を明記する,か
資源,紙筒,手でつぶせるもの,か
燃えるゴミ,紙筒,硬くてつぶせないもの,か
燃えないゴミ,紙筒,指定袋に入らないもの,か
燃えるゴミ,紙粘土,,か
燃えるゴミ,髪の毛,,か
資源,紙パック,開いて洗って乾かす/雨天時は出さない,か
燃えるゴミ,紙パック,,か
燃えるゴミ,紙袋,プラスチックの柄は取って「不燃ごみ」,か
資源,ビニールコーティングされていないもの,プラスチックの柄は「不燃ごみ」/ざつ紙回収用の袋として使用可,か
燃えるゴミ,ガムテープ,,か
燃えないゴミ,かめのこたわし,,か
燃えないゴミ,カメラ,,か
燃えないゴミ,カメラネガフィルム,,か
燃えないゴミ,カメラフィルム（現像前・現像後とも）,,か
燃えないゴミ,蚊帳,1辺1.2メートル未満にたたむ,か
資源,画用紙,使用済みのものは「可燃ごみ」,か
燃えないゴミ,カラーボックス,できるだけ分解する,か
燃えないゴミ,カラスネット,,か
燃えないゴミ,ガラス（板ガラス、ガラス製品）,ガラス面の対角線をガムテープ等で×に貼る,か
燃えないゴミ,ガラス製品,,か
燃えないゴミ,ガラステーブル,1辺1.2メートル以上のものは「粗大ごみ」,か
燃えないゴミ,ガラス戸,,か
資源,ガラス戸,,か
燃えないゴミ,ガラス戸,,か
燃えるゴミ,カレー（インスタントカレー）のレトルトパック,,か
燃えないゴミ,枯れ葉,,か
資源,カレンダー,コーティング紙は「可燃ごみ」,か
資源,カレンダー,プラスチック製は「不燃ごみ」,か
資源,革衣類（衣服・手袋・帽子）,,か
燃えないゴミ,革靴,,か
燃えないゴミ,革製品（衣服・手袋・帽子以外）,,か
資源,革手袋,,か
資源,カン,軽くすすぐ,か
資源,カン,使い切り穴を開ける,か
資源,カン,ペンキは出し切る/少量の付着は可,か
資源,カン,,か
燃えないゴミ,換気扇,,か
燃えないゴミ,換気扇フィルター,油がついて汚れていても可,か
資源,缶切り,,か
容器包装プラスチック類,かんしょう材,紙製のものは「可燃ごみ」,か
燃えないゴミ,乾燥機,,か
燃えないゴミ,乾燥機,,か
燃えるゴミ,乾燥剤,,か
有害ごみ,乾電池,乾電池だけを透明な袋に入れて出す,か
燃えるゴミ,感熱紙,,か
燃えないゴミ,キーボード（楽器）,1辺1.2メートル以上のものは「粗大ごみ」,き
燃えないゴミ,キーボード（パソコンの付属品）,,き
資源,キーホルダー,,き
燃えないゴミ,キーホルダー,,き
燃えないゴミ,着せ替え人形,,き
燃えるゴミ,着せ替え人形の服,,き
燃えないゴミ,ギター,,き
燃えないゴミ,木づち,,き
燃えるゴミ,キッチンタオル,,き
燃えるゴミ,キッチンペーパー,,き
燃えないゴミ,キッチンマット,,き
燃えないゴミ,木の枝,,き
燃えないゴミ,木箱,1辺1.2メートル以上のものは「粗大ごみ」,き
燃えるゴミ,木べら,,き
資源,着物,,き
資源,脚立,,き
燃えないゴミ,脚立,長さ1.2メートル未満にする,き
燃えないゴミ,キャッシュカード,磁気部分にはさみを入れる,き
資源,キャリア,車のルーフなどに装着するもの,き
燃えないゴミ,キャンバス（油絵）,,き
燃えないゴミ,キャンプ用品,テントや車などの横に張る日除け,き
燃えないゴミ,キャンプ用品,天板がプラ製・木製のものは「不燃ごみ」/天板を含むすべてがアルミ製なら「資源品（金属類）」,き
燃えないゴミ,キャンプ用品,金属製のパイプ部分は「資源品（金属類）」,き
燃えないゴミ,キャンプ用品,,き
資源,キャンプ用品,,き
燃えないゴミ,キャンプ用品,燃料は抜くか使い切る,き
資源,急須,,き
燃えないゴミ,急須,,き
資源,給湯器,自己施工のみ/30キログラムを超えるものは資源組合で直接回収電話番号04-7131-1040,き
資源,牛乳パック,開いて洗って乾かす/雨天時は出さない,き
燃えないゴミ,鏡台（鏡部が分離するもの）,分離しなければ「粗大ごみ」,き
資源,錐（きり）,危なくないように先を紙でくるむ,き
燃えないゴミ,キルティングマット,,き
燃えないゴミ,木枠,1辺1.2メートル以上のものは「粗大ごみ」,き
燃えるゴミ,金紙・銀紙,,き
燃えないゴミ,金魚鉢,,き
資源,金庫,,き
資源,金属バット,,き
資源,空気入れ,,く
燃えないゴミ,空気入れ,,く
燃えないゴミ,空気清浄機,,く
燃えないゴミ,クーラーボックス,,く
資源,釘,紙に包んで中身を明記する,く
資源,釘抜き,,く
燃えないゴミ,草,できるだけ乾かす,く
資源,草刈り鎌,危なくないように刃先を紙でくるむ,く
資源,草刈り機,燃料は抜くか使い切る,く
資源,くさり,,く
燃えないゴミ,くさり,,く
資源,串,危なくないよう刃先をくるむ,く
燃えるゴミ,串,危なくないよう先を折るか包む,く
燃えるゴミ,櫛,,く
燃えないゴミ,櫛,,く
容器包装プラスチック類,薬のシート,,く
資源,薬のビン,,く
燃えないゴミ,薬のビン,,く
資源,果物ナイフ,危なくないように刃先を紙でくるむ,く
燃えないゴミ,口紅ケース,,く
燃えないゴミ,靴,,く
資源,靴下,,く
燃えないゴミ,クッション(綿以外）,中身が綿なら「粗大ごみ（座布団）」,く
資源,熊手,,く
燃えないゴミ,熊手,,く
燃えないゴミ,クリアファイル,,く
容器包装プラスチック類,クリーニングの袋,,く
燃えないゴミ,クリスタルガラス,,く
燃えないゴミ,クリスマスツリー,長さ1.2メートル未満にする,く
資源,クリップ,紙に包んで中身を明記する,く
資源,車椅子,「資源品」と表示する,く
燃えないゴミ,車のシートカバー,,く
燃えないゴミ,クレジットカード,磁気部分にはさみを入れる,く
燃えるゴミ,クレパス＝クレヨン,,く
燃えないゴミ,グローブ,,く
燃えないゴミ,グローランプ,,く
資源,鍬,危なくないように刃先を紙でくるむ,く
燃えるゴミ,軍手,,く
有害ごみ,蛍光管,割れないように購入時の紙箱または袋に入れて出す,く
燃えるゴミ,携帯カイロ,,け
燃えないゴミ,携帯テレビ（液晶）,,け
燃えないゴミ,携帯電話,できるだけ解約時に返却する,け
燃えないゴミ,携帯電話（充電器）,できるだけ解約時に返却する,け
燃えるゴミ,毛糸玉,,け
資源,毛糸の衣類（セーター、マフラー）,,け
資源,ケージ（金属製）,,け
燃えないゴミ,ケーブル,,け
燃えないゴミ,ゲーム（ボードゲーム等）,,け
燃えないゴミ,ゲームカセット,,け
燃えないゴミ,ゲーム機,,け
資源,毛皮の衣類（コート、マフラー、帽子、手袋）,,け
燃えないゴミ,消しゴム,,け
燃えないゴミ,化粧品（化粧水などのビン）,,け
燃えないゴミ,化粧品（口紅ケース）,,け
燃えないゴミ,化粧品（ファンデーションケース）,,け
燃えないゴミ,化粧品（マニュキアのビン）,,け
燃えないゴミ,下駄,,け
燃えないゴミ,下駄箱,1辺1.2メートル以上のものは「粗大ごみ」,け
燃えないゴミ,血圧計,,け
有害ごみ,血圧計,「有害ごみ」と表示し透明な袋に入れる,け
燃えないゴミ,玄関マット,,け
資源,健康器具（ウォーキングマシン）,,け
資源,剣山,危なくないように紙でくるむ,け
燃えないゴミ,碁石,,こ
燃えないゴミ,こいのぼり,,こ
資源,こいのぼり,長さ3メートル以下にする,こ
燃えないゴミ,こいのぼり,長さ1.2メートル未満にする,こ
資源,コイン・古銭,,こ
資源,工具類（ドライバー、スパナ等）,,こ
資源,広告紙,新聞紙と一緒に束ねてよい,こ
燃えないゴミ,ゴーグル,,こ
燃えないゴミ,コード,,こ
燃えないゴミ,コーヒーメーカー,,こ
燃えないゴミ,行李（柳行李など；衣装ケース）,1辺1.2メートル以上のものは「粗大ごみ」,こ
燃えないゴミ,氷枕,,こ
燃えないゴミ,五月人形,,こ
燃えるゴミ,こけし,,こ
燃えるゴミ,ござ（小さく切ったもの）,,こ
燃えないゴミ,ござ,長さ1.2メートル未満にたたむ,こ
資源,こし器（金属製）,,こ
燃えないゴミ,こたつ,,こ
燃えないゴミ,こたつ敷き,長さ1.2メートル未満にたたむ,こ
燃えないゴミ,コップ,,こ
燃えるゴミ,コップ,,こ
燃えないゴミ,コップ,,こ
燃えるゴミ,粉チーズの容器,,こ
容器包装プラスチック類,粉チーズの容器,,こ
燃えないゴミ,コネクタ,,こ
燃えないゴミ,コピー機,,こ
容器包装プラスチック類,ごみ袋,「不燃ごみ」用のごみ袋として使用可,こ
容器包装プラスチック類,ごみ袋,「不燃ごみ」用のごみ袋として使用可,こ
容器包装プラスチック類,ごみ袋,集積所排出のごみ袋としては使用不可,こ
燃えないゴミ,ゴム製品,,こ
燃えないゴミ,ゴム手袋,,こ
燃えないゴミ,ゴムホース,,こ
燃えないゴミ,ゴムマット,,こ
資源,米びつ（レンジ台つきのものを含む）,,こ
資源,米袋,中の米は出し切る/同じような紙袋でも中身が石灰や肥料なら「可燃ごみ」,こ
燃えるゴミ,コルク,,こ
資源,コルク抜き,危なくないように先を紙でくるむ,こ
燃えないゴミ,コルクボード,指定袋に入る大きさならば「可燃ごみ」,こ
資源,ゴルフ用品,,こ
燃えないゴミ,ゴルフ用品,,こ
燃えないゴミ,ゴルフ用品,,こ
燃えないゴミ,ゴルフ用品,,こ
燃えないゴミ,コンポ,,こ
燃えないゴミ,コンポスト,,こ
燃えないゴミ,コンセント,,こ
資源,コンロ,,こ
燃えないゴミ,サーフボード,,さ
燃えないゴミ,座椅子,,さ
燃えないゴミ,サイドボード,1辺1.2メートル以上のものは「粗大ごみ」,さ
燃えるゴミ,酒パック（中が銀色のもの）,,さ
容器包装プラスチック類,刺身のトレイ,白色トレイはできるだけ回収協力店へ,さ
燃えないゴミ,座卓,1辺1.2メートル以上のものは「粗大ごみ」,さ
燃えないゴミ,サッカーボール,,さ
資源,サッシ,自己施工のみ,さ
燃えないゴミ,サッシ,自己施工のみ,さ
燃えないゴミ,サッシ,自己施工のみ,さ
資源,雑誌,,さ
資源,殺虫剤の缶（金属製）,使い切って穴を開ける,さ
資源,殺虫剤の缶（金属製）,使い切ること,さ
燃えないゴミ,殺虫剤のビン,中は空にする,さ
資源,さびた缶,,さ
資源,さびた金属,,さ
資源,サマーベッド,パイプとシートは分けなくてよい,さ
燃えないゴミ,皿,,さ
資源,皿,,さ
燃えないゴミ,皿,,さ
燃えるゴミ,皿,,さ
燃えないゴミ,皿,,さ
燃えるゴミ,サラダ油,固めるかボロ布・紙に吸わせる,さ
容器包装プラスチック類,サラダ油のボトル（プラスチック製）,中身は使い切る,さ
燃えないゴミ,ざる,,さ
資源,ざる,,さ
資源,三角コーナー,,さ
燃えないゴミ,三角コーナー,,さ
資源,三脚,,さ
燃えないゴミ,三脚,,さ
燃えないゴミ,サングラス,,し
燃えないゴミ,サンダル,,し
燃えないゴミ,サンバイザー,,し
資源,三輪車,「資源品」と表示する,し
燃えないゴミ,三輪車,「不燃ごみ」と表示する,し
燃えないゴミ,飼育小屋,1辺1.2メートル以上のものは「粗大ごみ」,し
資源,シーツ,,し
燃えないゴミ,CD,,し
燃えないゴミ,ＣＤケース,,し
燃えないゴミ,CDラジカセ,,し
燃えないゴミ,CDプレーヤー,,し
燃えないゴミ,シートカバー（自動車用）,,し
燃えるゴミ,色紙,,し
燃えないゴミ,磁気マットレス,磁気布団は「粗大ごみ」,し
燃えるゴミ,ジグソーパズル,,し
資源,磁石,,し
資源,下着,,し
資源,支柱,,し
燃えないゴミ,七輪,,し
燃えるゴミ,漆器,,し
燃えるゴミ,しっぷ薬,,し
資源,辞典、辞書,ビニールカバーは外す,し
資源,自転車,サドルに「資源品」と表示する,し
資源,自転車,サドルに「資源品」と表示する/バッテリーは外して「有害ごみ」（車のバッテリーのように液が入っているものは不可）,し
資源,自転車部品,スチール製かご、リム、スポーク等,し
燃えないゴミ,自転車部品,プラ製かご、サドル、タイヤ等,し
燃えないゴミ,自動車用カバー,,し
燃えないゴミ,竹刀,,し
資源,芝刈り機,,し
資源,芝刈り機,燃料は抜くか使い切る,し
資源,事務用椅子,座るところは金属でなくても可,し
燃えないゴミ,事務用椅子木製・プラスチック製,,し
燃えないゴミ,シャープペンシル,,し
燃えるゴミ,写真,,し
資源,シャベル,,し
燃えないゴミ,シャベル,,し
資源,ジャンパー,,し
燃えないゴミ,しゃもじ,,し
燃えるゴミ,しゃもじ,,し
燃えるゴミ,砂利,,し
容器包装プラスチック類,シャンプー・リンスの容器,中身を出さし切る,し
燃えないゴミ,ジューサーミキサー,,し
燃えないゴミ,じゅうたん,1辺1.2メートル未満にたたむ,し
燃えないゴミ,充電器（携帯電話用）,,し
燃えないゴミ,充電式電池,,し
資源,収納ケース,,し
燃えないゴミ,収納ケース,,し
資源,収納ケース,,し
燃えないゴミ,シュレッダー（家庭用）,手動・電動のいずれも,し
燃えるゴミ,シュレッダーくず,,し
資源,瞬間湯沸器,自己施工のみ,し
燃えないゴミ,背負子（しょいこ）,荷物をくくって背負うための木製の枠,し
燃えないゴミ,定規,,し
資源,定規,,し
燃えないゴミ,定規,,し
燃えるゴミ,定規,,し
燃えないゴミ,将棋盤,,し
燃えるゴミ,将棋の駒,,し
燃えないゴミ,将棋の駒,,し
資源,焼却炉,3メートル、30キログラムを超えるものは資源組合で直接回収電話番号04-7131-1040,し
燃えないゴミ,食卓テーブル,,し
容器包装プラスチック類,錠剤のシート,,し
燃えるゴミ,障子紙,未使用のものは「資源品（雑誌・ざつ紙類）」,し
燃えないゴミ,障子戸,1.8メートル×0.9メートル程度の大きさで自己施工のもの,し
燃えないゴミ,消臭剤,,し
燃えないゴミ,浄水器,,し
資源,浄水器のカートリッジ,カートリッジの本体周りがアルミ製であること,し
燃えないゴミ,浄水器のカートリッジ,,し
燃えないゴミ,照明器具,蛍光管は取り外して「有害ごみ」,し
燃えないゴミ,じょうろ,,し
資源,じょうろ,,し
資源,しょう油のプラスチックボトル,,し
燃えるゴミ,食用油,固めるかボロ布・紙に吸わせる,し
燃えないゴミ,除湿機,,し
燃えるゴミ,除湿剤,,し
容器包装プラスチック類,除湿剤,中の水は出す/中が出せないものは「不燃ごみ」,し
燃えないゴミ,食器,,し
資源,食器,,し
燃えないゴミ,食器,,し
燃えるゴミ,食器,,し
燃えないゴミ,食器洗い機,本体がステンレスなら資源品（金属類),し
燃えないゴミ,食器乾燥機,本体がステンレスなら資源品（金属類),し
燃えないゴミ,人工芝,,し
資源,新聞紙（折込広告を含む）,,し
有害ごみ,水銀体温計,,す
燃えないゴミ,水槽,1辺1.2メートル以上のものは「粗大ごみ」,す
燃えないゴミ,水中眼鏡,,す
燃えないゴミ,水筒,,す
資源,水筒,,す
燃えないゴミ,炊飯器,内釜は「資源品（金属類）」/本体周りがステンレス製なら本体も「資源品（金属類）」,す
資源,炊飯器,,す
資源,炊飯器の内釜,,す
燃えないゴミ,スーツケース,,す
容器包装プラスチック類,スーパーの袋（レジ袋、ポリ袋）,,す
資源,スカーフ,,す
燃えないゴミ,姿見,,す
燃えないゴミ,スキー用品,,す
資源,スキー用品,,す
燃えないゴミ,スキー用品,,す
燃えないゴミ,スキー用品,,す
燃えないゴミ,スキャナー,家庭用に限る,す
資源,スクリーン,ケースや軸が金属製のもの,す
燃えないゴミ,スケート靴,,す
燃えないゴミ,スケートボード,,す
燃えないゴミ,スケール,,す
資源,スケール,,す
燃えないゴミ,スケール,,す
燃えるゴミ,スケール,,す
資源,スケッチブック,使用済みのものは「可燃ごみ」,す
資源,スコップ,,す
燃えないゴミ,スコップ,,す
燃えないゴミ,硯（すずり）,,す
燃えないゴミ,すだれ,1辺1.2メートル未満にたたむ,す
燃えないゴミ,スタンド（電気スタンド）,,す
燃えないゴミ,スタンプ台,,す
資源,スチール机,3メートル、30キログラムを超えるものは資源組合で直接回収電話番号04-7131-1040,す
資源,スチール物置,3メートル、30キログラムを超えるものは資源組合で直接回収?電話番号04-7131-1040,す
燃えないゴミ,ズック靴,,す
燃えないゴミ,ステレオ,,す
資源,ストーブ（電気、ガス、石油とも）,灯油は抜くか使い切る/乾電池は取り外して「有害ごみ」,す
資源,ストッキング,,す
燃えないゴミ,スニーカー,,す
燃えないゴミ,スノーボード,,す
燃えないゴミ,すのこ（木製、プラスチック製とも）,,す
燃えないゴミ,スパイクシューズ,,す
資源,スパナ,,す
燃えないゴミ,スピーカー,,す
資源,スプーン,柄が金属でなくても可,す
燃えないゴミ,スプーン,,す
資源,スプレー缶,使い切り穴を開ける,す
資源,滑り台,3メートル、30キログラムを超えるものは資源組合で直接回収電話番号04-7131-1040,す
燃えないゴミ,スポーツバッグ,,す
燃えないゴミ,スポンジ,,す
燃えないゴミ,ズボンプレッサー,,す
燃えるゴミ,炭,,す
燃えないゴミ,スリッパ,,す
資源,製図台,3メートル、30キログラムを超えるものは資源組合で直接回収電話番号04-7131-1040,せ
燃えないゴミ,製氷皿,,せ
燃えないゴミ,整理ダンス,,せ
燃えないゴミ,せいろ,,せ
資源,石油缶,中は空にする,せ
資源,石油ストーブ,灯油は抜くか使い切る,せ
資源,石油ファンヒーター,灯油は抜くか使い切る,せ
燃えないゴミ,石油ポンプ,電動式の電池は取り外して「有害ごみ」,せ
燃えるゴミ,せっけん,,せ
燃えるゴミ,接着剤,固めるかボロ布・紙に吸わせる,せ
資源,接着剤の容器,中は空にする,せ
容器包装プラスチック類,接着剤の容器,中が残って固まっている場合は「可燃ごみ」,せ
燃えないゴミ,背広ケース,,せ
燃えるゴミ,セメントの粉,生ごみ等に混ぜて出す,せ
燃えないゴミ,セラミックファンヒーター,,せ
燃えるゴミ,セロテープ,,せ
容器包装プラスチック類,洗剤の容器（粉洗剤）,中の計量スプーンは「不燃ごみ」,せ
燃えるゴミ,洗剤の容器（粉洗剤）,匂いが残って資源化不適のため,せ
使いきって中をすすぐ,洗剤の容器（液体洗剤・柔軟材容器を含む）,,せ
燃えるゴミ,扇子,,せ
燃えないゴミ,洗濯機の付属品（プラスチック製）,,せ
燃えないゴミ,洗濯ネット,,せ
燃えないゴミ,洗濯ばさみ,,せ
資源,洗濯物干し,枠に洗濯ばさみの付いているもの,せ
燃えないゴミ,洗濯物干し,枠に洗濯ばさみの付いているもの,せ
燃えないゴミ,剪定材,,せ
資源,栓抜き,,せ
燃えないゴミ,扇風機,,せ
燃えないゴミ,洗面器,,せ
資源,洗面器,,せ
燃えないゴミ,造花,,そ
燃えないゴミ,双眼鏡,,そ
燃えるゴミ,雑巾,,そ
燃えないゴミ,掃除機,,そ
燃えないゴミ,草履,,そ
燃えるゴミ,卒業アルバム,布張り・ビニールコーティングの表紙が多いため,そ
燃えないゴミ,そり（子供用玩具）,,そ
有害ごみ,体温計,体温計だけを透明な袋に入れて出す,た
燃えないゴミ,体温計,,た
資源,台車,「資源品」と表示する,た
資源,体重計,外側がプラスチックでも可,た
燃えないゴミ,台所マット,,た
燃えないゴミ,ダイニングチェア,,た
燃えないゴミ,耐熱ガラス容器,,た
燃えないゴミ,ダイビング用ウエア,,た
資源,タイプライター,バラバラにならないようにする,た
燃えないゴミ,タイマー,,た
燃えないゴミ,タイヤ,,た
資源,タイヤチェーン,,た
燃えないゴミ,タイヤチェーン,,た
資源,タイヤホイール,個人で取り替えた場合に限る,た
燃えないゴミ,タイル（自己施工したもの）,軽トラック1台で運べる程度であれば、事前に北部CCへ電話連絡の上直接搬入可能,た
燃えないゴミ,ダウンジャケット,,た
資源,タオル＝タオルケット,ペット使用のものは「ペット使用」と表示し「不燃ごみ」,た
資源,高枝バサミ,危なくないよう刃先を紙で包む,た
燃えないゴミ,竹ざお,,た
燃えないゴミ,竹ぼうき,,た
燃えないゴミ,畳おもて,1.2メートル未満にたたむ,た
燃えないゴミ,脱臭剤,,た
燃えないゴミ,タッパー容器,,た
燃えないゴミ,縦笛（リコーダー）,,た
燃えるゴミ,たばこの吸殻,,た
資源,足袋,,た
容器包装プラスチック類,卵パック,,た
燃えるゴミ,卵パック,,た
資源,玉じゃくし,柄が金属でなくても可,た
燃えないゴミ,玉じゃくし,,た
資源,たらい,,た
燃えないゴミ,樽,,た
燃えないゴミ,たわし,,た
容器包装プラスチック類,炭酸カルシウム入り袋,不燃ごみ用の袋として使用可,た
燃えないゴミ,たんぜん,,た
資源,たんぜん,,た
資源,ダンベル,,た
燃えないゴミ,ダンベル,中に水を充填して使用するもの,た
資源,段ボール,,た
燃えないゴミ,チャイルドシート,,ち
有害ごみ,チャッカマン,使い捨てライターと同等,ち
燃えないゴミ,茶箱,,ち
燃えないゴミ,茶碗,,ち
資源,中華なべ,,ち
中身を使い切る,チューブ類（わさび、からし、歯磨き等）,,ち
資源,チューブ製容器（金属製）,中身を使い切る,ち
資源,彫刻刀,危なくないように刃先を紙でくるむ,ち
資源,ちらし（新聞折込）,,ち
燃えるゴミ,ちり紙,,ち
燃えないゴミ,つえ,,つ
燃えるゴミ,使い捨てカイロ,,つ
燃えないゴミ,使い捨てカメラ,できるだけ写真現像取扱店へ,つ
有害ごみ,使い捨てライター,ガスは使い切る/ライターだけを透明な袋に入れる,つ
資源,机,3メートル、30キログラムを超えるものは資源組合で直接回収電話番号04-7131-1040,つ
資源,机,木製で1辺1.2メートル未満なら「不燃ごみ」,つ
燃えないゴミ,机,1辺1.2メートル以上のものは「粗大ごみ」,つ
容器包装プラスチック類,漬物の袋,中を軽くすすぐ/付着物が取れなければ「可燃ごみ」,つ
燃えないゴミ,突っ張り棒,スチール製なら「資源品（金属類）」,つ
燃えないゴミ,つぼ,,つ
燃えるゴミ,爪楊枝,,つ
燃えるゴミ,積み木,,つ
燃えないゴミ,積み木,,つ
資源,爪きり,,つ
燃えるゴミ,釣糸（プラスチック製）,,つ
燃えないゴミ,釣竿,,つ
燃えないゴミ,ＤＶＤ,,て
燃えないゴミ,ＤＶＤプレーヤー,,て
燃えるゴミ,定期券,できるだけ定期券販売窓口へ返却,て
燃えるゴミ,ティッシュペーパー,,て
燃えるゴミ,テープ,,て
燃えないゴミ,テープ,できるだけ1メートルほどに切って出す,て
燃えるゴミ,テープ,,て
燃えるゴミ,テープ,紐で束ねても排出可/ケースに入れたままで可,て
燃えるゴミ,テープ,巻き取り部分が金属なら「資源品（金属類）」,て
燃えないゴミ,テーブル,脚の材質は問わない/1辺1.2メートル以上のものは「粗大ごみ」,て
資源,テーブルクロス,,て
燃えないゴミ,テーブルクロス,1辺1.2メートル未満にたたむ,て
燃えないゴミ,手鏡,,て
燃えないゴミ,デジタルカメラ,,て
燃えないゴミ,デスクマット,,て
資源,鉄アレイ,,て
燃えないゴミ,鉄アレイ,中に水を充填して使用するもの,て
燃えないゴミ,テニス用品,,て
燃えないゴミ,テニス用品,,て
資源,テニス用品,,て
資源,手袋,,て
燃えないゴミ,手袋,,て
燃えないゴミ,手袋,,て
資源,テフロン加工の鍋,,て
燃えないゴミ,テレビゲーム機,,て
燃えないゴミ,テレビ台,1辺1.2メートル以上のものは「粗大ごみ」,て
燃えるゴミ,テレホンカード,,て
燃えないゴミ,天眼鏡,,て
燃えないゴミ,電気あんか,,て
燃えないゴミ,電気温水器,,て
燃えないゴミ,電気カーペット,1辺1.2メートル未満にたたむ,て
燃えないゴミ,電気剃刀,,て
燃えないゴミ,電気コード,,て
燃えないゴミ,電気こたつ,1辺1.2メートル以上のものは「粗大ごみ」,て
燃えないゴミ,電気炊飯器,内釜は「資源品（金属類）」/本体周りがステンレス製なら本体も「資源品（金属類）」,て
燃えないゴミ,電気スタンド,,て
資源,電気ストーブ,,て
資源,電気ヒーター,,て
燃えないゴミ,電気ポット,,て
燃えないゴミ,電気毛布,1辺1.2メートル未満にたたむ,て
燃えないゴミ,電球,,て
資源,電磁調理器,,て
燃えないゴミ,電子体温計,水銀体温計は「有害ごみ」,て
資源,電子レンジ,耐熱ガラスやセラミック製の皿は「不燃ごみ」,て
資源,電子レンジ台,,て
燃えないゴミ,天体望遠鏡,,て
燃えないゴミ,電卓,,て
有害ごみ,電池,電池だけ透明な袋に入れる,て
燃えないゴミ,電池,,て
燃えないゴミ,テント,金属製のパイプ部分は「資源品（金属類）」,て
資源,電動自転車,サドルに「資源品」と表示する/バッテリーは外して「有害ごみ」（車のバッテリーのように液が入っているものは不可）,て
燃えるゴミ,天ぷら油,固めるか布などに染み込ませる,て
燃えないゴミ,電話機,,て
資源,電話帳,またはＮＴＴが引き取り,て
燃えないゴミ,ドア,自己施工分のみ,と
資源,ドアノブ,,と
燃えないゴミ,砥石,,と
資源,トイレットペーパーの芯,,と
燃えないゴミ,トイレ用品,,と
燃えるゴミ,トイレ用品,,と
燃えないゴミ,陶磁器,,と
燃えるゴミ,動物の糞,遮水を施し紙等でくるむ,と
資源,トースター,,と
燃えないゴミ,籐製品（ラック、籠、棚など）,1辺1.2メートル以上のものは「粗大ごみ」,と
燃えないゴミ,時計,,と
燃えないゴミ,戸棚,,と
長さ3メートル以下にする,トタン板,,と
燃えないゴミ,どてら,,と
燃えないゴミ,土鍋,,と
資源,ドライバー（工具）,,と
資源,ドライバー（ゴルフクラブ）,,と
燃えないゴミ,ドライヤー,,と
資源,ドラム缶,自宅で使用していたものに限る,と
燃えないゴミ,トランク,金属製なら「資源品（金属類）」,と
資源,トランポリン（家庭用遊具）,フレームが金属製のもの,と
資源,ドリンク剤のびん,,と
容器包装プラスチック類,トレイ（発泡トレイ）,できるだけ回収協力店へ,と
容器包装プラスチック類,ドレッシングの容器,中を軽くすすぐ,と
容器包装プラスチック類,ドレッシングの容器,中を軽くすすぐ,と
資源,ドレッシングの容器,中を軽くすすぐ,と
資源,ドレッシングの容器,中を軽くすすぐ,と
燃えないゴミ,トロフィー,,と
資源,とんかち,,と
資源,ナイフ,危なくないよう刃先をくるむ,な
軽くすすいでから出す,苗ポット（黒ビニール等の軟らかいもの）,,な
燃えないゴミ,長靴,,な
燃えないゴミ,流し台,自己施工のみ/1辺1.2メートル以上のものは「粗大ごみ」,な
容器包装プラスチック類,納豆容器（発泡トレイ等）,水につけて粘りを取る,な
燃えないゴミ,ナビゲーション,,な
燃えないゴミ,生ごみ処理機,,な
燃えないゴミ,生ごみ処理機,,な
資源,鍋（テフロン加工、ホウロウ鍋含む）,,な
燃えないゴミ,鍋つかみ,,な
資源,波板,長さ3メートル以下にする,な
燃えないゴミ,波板,1辺1.2メートル未満にする,な
燃えないゴミ,荷造り紐,できるだけ1メートル程度に切る,に
容器包装プラスチック類,乳酸菌飲料の容器,アルミ製のふたは「可燃ごみ」,に
燃えないゴミ,人形,,に
燃えないゴミ,人形,販売店によっては引き取ることも可,に
燃えないゴミ,人形ケース,ガラス面の対角線をガムテープ等で×に貼る,に
燃えるゴミ,人形の服,,に
燃えないゴミ,ぬいぐるみ,布製の小さなものは「可燃ごみ」/1辺が1.2メートル以上のものは「粗大ごみ」,ぬ
燃えるゴミ,布くず,大きさの目安はハンカチ以下,ぬ
燃えないゴミ,ネガフィルム,,ね
資源,ネクタイ,,ね
燃えるゴミ,猫砂,少量ずつ分けて出す,ね
容器包装プラスチック類,ネット,,ね
燃えないゴミ,ネット,,ね
燃えないゴミ,寝袋,,ね
燃えるゴミ,粘土（油粘土、紙粘土）,,ね
資源,農機具類,危なくないように刃先を紙でくるむ,の
資源,農機具類,30キログラムを超えるものは資源組合で直接回収電話番号04-7131-1040,の
燃えないゴミ,農業用ビニール,,の
資源,ノート,針金でらせん状に綴じたものも可,の
燃えないゴミ,農薬のビン,中は空にする,の
資源,のこぎり（糸のこぎりを含む）,危なくないように刃先を紙でくるむ,の
資源,飲み薬のビン,,の
資源,ハーモニカ,,は
資源,バーベキューセット,,は
資源,パイプ椅子,クッション部はそのままでよい,は
資源,パイプベッド,2つ折タイプであればスプリングなしマットレスや板が外せなくてもそのままで可,は
燃えないゴミ,パイプベッド,1辺1.2メートル未満にする,は
燃えるゴミ,廃油,固めるか布などに染み込ませる,は
燃えないゴミ,バインダー,金具付きの事務用品,は
資源,はがき,,は
燃えないゴミ,はかり,,は
燃えないゴミ,履物,,は
燃えるゴミ,端切れ布,,は
容器包装プラスチック類,白色トレイ,できるだけ回収協力店へ,は
燃えないゴミ,剥製,1辺1.2メートル以上のものは「粗大ごみ」,は
燃えないゴミ,刷毛,,は
燃えないゴミ,バケツ,,は
資源,バケツ,,は
資源,箱,たたんでひもで束ねる,は
資源,箱,たたんでひもで束ねる,は
燃えないゴミ,箱,1辺1.2メートル以上のものは「粗大ごみ」,は
資源,はさみ,危なくないよう刃先を紙でくるむ,は
資源,はしご,,は
燃えないゴミ,はしご,長さ1.2メートル未満にする,は
燃えないゴミ,バスケットボール,,は
資源,バスタオル,,は
燃えないゴミ,バスマット,,は
燃えないゴミ,パソコン,,は
燃えないゴミ,パソコン,,は
燃えないゴミ,パソコンカートリッジ（プリンタ用）,,は
燃えないゴミ,パソコンケーブル,,は
資源,パソコンチェア,座るところは金属でなくても可,は
燃えないゴミ,パソコンチェア,,は
資源,パソコンデスク,木製で1辺1.2メートル未満なら「不燃ごみ」,は
資源,パター（ゴルフクラブ）,,は
資源,バターナイフ,柄は金属でなくても可,は
燃えないゴミ,バッグ（皮製、布製、プラスチック製）,,は
燃えないゴミ,バット,,は
資源,バット,,は
容器包装プラスチック類,発泡スチロール,大きいものは紐で束ねて排出可,は
容器包装プラスチック類,発泡トレイ,できるだけ回収協力店へ,は
資源,花ばさみ,危なくないように刃先を紙でくるむ,は
燃えるゴミ,花火,必ず水で湿らせてから指定ごみ袋へ,は
燃えないゴミ,歯ブラシ,,は
容器包装プラスチック類,歯磨きチューブ,中身を使い切る,は
資源,歯磨きチューブ,中身を使い切る,は
資源,刃物,危なくないように刃先を紙でくるむ,は
燃えないゴミ,パラソル,,は
資源,針,紙に包んで中味を明記する,は
資源,針金,ビニールコーティングされていても可,は
資源,針金ハンガー,ビニールコーティングされていても可/空カン回収袋には入れない,は
資源,バルサン（殺虫剤）,中身を使い切る,は
容器包装プラスチック類,バルサン（殺虫剤）,中身を使い切る,は
燃えないゴミ,パレット（絵画道具）,,は
燃えないゴミ,バレーボール,,は
燃えないゴミ,ハロゲンヒーター,,は
資源,ハンガー,ビニールコーティングされていても可/空カン回収袋には入れない,は
燃えないゴミ,ハンガー,,は
資源,ハンカチ,,は
燃えるゴミ,半紙,未使用のものは「資源品（雑誌・ざつ紙類）」,は
燃えないゴミ,はんてん,,は
資源,バンパー,個人で取り替えたもののみ,は
燃えるゴミ,パンの袋の留め具,,は
容器包装プラスチック類,パンの袋の留め具,,は
資源,ハンマー,,は
燃えないゴミ,パンヤ,,は
燃えないゴミ,パン焼き器,内釜は「資源品（金属類）」、本体周りがステンレス製なら本体も「資源品（金属類）」,は
燃えないゴミ,ピアニカ,,ひ
燃えないゴミ,ピアノ,1辺1.2メートル以上のものは「粗大ごみ」,ひ
燃えないゴミ,ピアノカバー,,ひ
資源,ＢＳアンテナ,,ひ
燃えないゴミ,ビーズクッション,,ひ
燃えないゴミ,ピータイル,自己施工のみ,ひ
燃えないゴミ,ビー玉,,ひ
燃えないゴミ,ビーチサンダル,,ひ
燃えないゴミ,ビーチボール,,ひ
燃えないゴミ,ＰＰバンド,できるだけ1メートルほどに切って出す,ひ
資源,ひげそり,危なくないよう刃先をくるむ,ひ
燃えないゴミ,ひげそり,,ひ
燃えないゴミ,ひげそり,,ひ
燃えないゴミ,ビデオカメラ,,ひ
燃えるゴミ,ビデオテープ,紐で束ねても排出可/ケースに入れたままで可,ひ
燃えないゴミ,ビデオデッキ,,ひ
燃えないゴミ,雛人形,販売店によっては引き取ることも可,ひ
燃えないゴミ,ビニールカーペット,1辺1.2メートル未満にたたむ,ひ
燃えないゴミ,ビニール傘,金属製の骨だけなら「資源品（金属類）」,ひ
燃えないゴミ,ビニールカッパ,,ひ
燃えないゴミ,ビニールサンダル,,ひ
燃えないゴミ,ビニールシート（レジャーシート、ブルーシート）,,ひ
燃えないゴミ,ビニールテープ,できるだけ1メートルほどに切って出す,ひ
燃えるゴミ,ビニールテープ,,ひ
燃えないゴミ,ビニールテーブルクロス,1辺1.2メートル未満にたたむ,ひ
燃えないゴミ,ビニール手袋,,ひ
燃えないゴミ,ビニールハウス,,ひ
燃えないゴミ,ビニールバッグ,,ひ
燃えないゴミ,ビニール紐,できるだけ1メートルほどに切って出す,ひ
容器包装プラスチック類,ビニール袋,,ひ
燃えないゴミ,ビニール風呂敷,1辺1.2メートル未満にたたむ,ひ
燃えないゴミ,ビニールホース,,ひ
燃えないゴミ,火鉢,,ひ
燃えないゴミ,ひも（すずらんテープ、ＰＰバンド）,,ひ
燃えるゴミ,ひも（糸をよったもの）,,ひ
資源,百科事典,,ひ
資源,ビン,割れていても可/中はきれいにする,ひ
資源,ビン,割れていても可/中はきれいにする,ひ
燃えないゴミ,ビン,,ひ
燃えないゴミ,ビン,自家製の梅酒を作るための広口ビン,ひ
資源,ビンのふた,,ひ
容器包装プラスチック類,ビンのふた,取れないふたはビンにつけたまま出す,ひ
資源,便箋,,ひ
燃えないゴミ,ファックス（ファクシミリ）,,ふ
燃えるゴミ,ファックス用紙（感熱紙）,,ふ
燃えないゴミ,ファンデーションのケース,,ふ
資源,ファンヒーター,灯油は抜くか使い切る/乾電池は取り外して「有害ごみ」,ふ
燃えないゴミ,ファンヒーター,,ふ
燃えないゴミ,ファンヒーター,,ふ
燃えないゴミ,フィルム,,ふ
燃えないゴミ,フィルム,,ふ
燃えるゴミ,風船,,ふ
資源,封筒,窓空き封筒のセロファンははがすはがせなければ「可燃ごみ」,ふ
資源,風鈴,,ふ
燃えないゴミ,風鈴,,ふ
燃えないゴミ,ブースター,,ふ
燃えないゴミ,プール（幼児用）,,ふ
資源,フォーク,,ふ
燃えないゴミ,フォーク,,ふ
燃えるゴミ,不織布,細かく切ること,ふ
燃えないゴミ,ふすま,1.8メートル×0.9メートル程度の大きさで自己施工のもの,ふ
燃えるゴミ,ふすま紙,,ふ
容器包装プラスチック類,プチプチ（気泡かんしょう材）,紙製のものは「可燃ごみ」,ふ
燃えるゴミ,筆,,ふ
燃えないゴミ,布団圧縮袋,,ふ
資源,布団カバー,,ふ
燃えないゴミ,布団乾燥機,,ふ
資源,布団袋,,ふ
資源,フライ返し,柄が金属でなくても可,ふ
燃えないゴミ,フライ返し,,ふ
資源,フライパン,テフロン加工のものも可,ふ
資源,ブラインド,糸はそのままでよい,ふ
燃えないゴミ,ブラインド,,ふ
資源,ぶら下がり健康器,,ふ
燃えないゴミ,ブラシ,,ふ
燃えないゴミ,ブラシ,,ふ
燃えないゴミ,プラスチック製収納ケース,,ふ
燃えるゴミ,プラスチック製うちわ,うちわは「可燃ごみ」に統一,ふ
燃えないゴミ,プラモデル,,ふ
燃えないゴミ,フラワーポット,,ふ
容器包装プラスチック類,フラワーポット,できるだけ土を落とす,ふ
資源,ブランコ,,ふ
燃えないゴミ,ブランコ,分解して1.2メートル未満にする,ふ
燃えないゴミ,プランター,,ふ
資源,ブリキ製品（板、おもちゃなど）,,ふ
燃えないゴミ,プリンター,,ふ
燃えないゴミ,プリンターカートリッジ,できるだけ電器店の回収箱へ,ふ
燃えるゴミ,プリペイドカード,,ふ
燃えないゴミ,フロアクッション,,ふ
資源,風呂敷,,ふ
燃えないゴミ,風呂敷,,ふ
燃えないゴミ,フロッピーディスク,,ふ
燃えないゴミ,フロッピーディスクケース,,ふ
資源,風呂用品,30キログラムを超えるものは資源組合で直接回収電話番号04-7131-1040,ふ
燃えないゴミ,洗面器,,ふ
燃えないゴミ,風呂用品,,ふ
燃えないゴミ,風呂用品,,ふ
資源,ブロンズ像,,ふ
燃えるゴミ,糞（ペットのもの）,遮水を施し紙等でくるむ,ふ
資源,文鎮,,ふ
燃えないゴミ,文鎮,,ふ
燃えないゴミ,ヘアードライヤー,,へ
資源,ベッド,2つ折タイプであればスプリングなしマットレスや板が外せなくてもそのままで可,へ
燃えるゴミ,ペットの糞,遮水を施し紙等でくるむ,へ
資源,PETボトル(ペットボトル),マークのあるもののみ,へ
容器包装プラスチック類,PETボトル(ペットボトル),,へ
容器包装プラスチック類,PETボトル(ペットボトル),はがさなくてもよい,へ
資源,ベビー椅子,座るところは金属でなくても可,へ
燃えないゴミ,ベビー椅子,,へ
資源,ベビーカー,,へ
燃えないゴミ,ベビーカー,,へ
燃えないゴミ,ベビーラック,,へ
資源,ヘルスメーター,外側がプラスチックでも可,へ
燃えないゴミ,ベルト,,へ
燃えないゴミ,ヘルメット,,へ
燃えるゴミ,ペンキ,布や紙に染み込ませる,へ
資源,ペンキの缶,中味を出し切る/少量の付着は可,へ
燃えないゴミ,便座,自己施工のみ/洗浄機能付きも可,へ
燃えるゴミ,便座カバー,,へ
資源,ベンチ,3メートル、30キログラムを超えるものは資源組合で直接回収電話番号04-7131-1040,へ
燃えないゴミ,金属製以外,,へ
資源,ペンチ,,へ
燃えないゴミ,弁当箱,,へ
資源,弁当箱,,へ
容器包装プラスチック類,弁当箱,軽くすすぐ,へ
燃えるゴミ,弁当箱,,へ
資源,ボアシーツ,,ほ
資源,ホイル（アルミ箔）（きれいなもの）,汚れたものは「可燃ごみ」,ほ
資源,ホイール（車用）,,ほ
燃えないゴミ,望遠鏡,,ほ
燃えないゴミ,ほうき,,ほ
資源,帽子,,ほ
燃えるゴミ,帽子,,ほ
燃えないゴミ,サンバイザー,,ほ
資源,革製,,ほ
資源,包装紙,金・銀紙は「可燃ごみ」,ほ
燃えるゴミ,防虫剤（衣類用）,,ほ
燃えないゴミ,防虫剤（衣類用）,,ほ
資源,包丁,危なくないように刃先を紙でくるむ,ほ
燃えないゴミ,包丁とぎ器,,ほ
燃えないゴミ,ボウル,,ほ
燃えないゴミ,ボウル,,ほ
資源,ボウル,,ほ
燃えないゴミ,ホース（ゴムホース、ビニールホース）,,ほ
燃えないゴミ,ポータブルトイレ,汚物は処理する,ほ
資源,ポータブルミシン,プラスチック製のカバーは「不燃ごみ」,ほ
燃えないゴミ,ホームベーカリー,本体がステンレスのものは「資源品（金属類）」内釜は「資源品（金属類）」,ほ
燃えないゴミ,ボール（野球、テニス、サッカー）,,ほ
燃えないゴミ,ボール（卓球、ビーチボール、バレー）,,ほ
資源,ボール紙,,ほ
燃えないゴミ,ボールペン,,ほ
資源,ホウロウ鍋,,ほ
燃えないゴミ,木刀,,ほ
燃えないゴミ,歩行器,,ほ
燃えないゴミ,ボタン電池,充電式電池は水銀なし,ほ
資源,ホッチキス,,ほ
燃えるゴミ,ホッチキスの針,多量なら「資源品（金属類）」,ほ
燃えないゴミ,ポット（魔法瓶、電気ポットとも）,,ほ
燃えないゴミ,ホットカーペット,1辺1.2メートル未満にたたむ,ほ
燃えないゴミ,ホットプレート,取り外せるプレートは「資源品（金属類）」,ほ
容器包装プラスチック類,ポテトチップスの袋,,ほ
燃えるゴミ,ポテトチップスの紙筒,,ほ
資源,ポテトチップスの容器（紙筒で底が金属）,,ほ
燃えないゴミ,ほ乳瓶（プラスチック製、ガラス製とも）,,ほ
燃えないゴミ,ポリタンク,,ほ
燃えないゴミ,ポリバケツ,,ほ
容器包装プラスチック類,ポリ袋,,ほ
燃えるゴミ,保冷剤（ゼリータイプ）,ハードタイプは「不燃ごみ」,ほ
燃えないゴミ,ホワイトボード,,ほ
資源,本（単行本、文庫本とも）,,ほ
資源,本棚,,ほ
燃えるゴミ,ボンド（少量）,,ほ
資源,ポンプ(井戸用等金属製）,自己施工のみ,ほ
資源,ボンベ缶（カセットコンロ用）,使い切って穴を開ける,ほ
容器包装プラスチック類,マーガリンの容器,中身を拭き取る,ま
燃えないゴミ,麻雀卓,1辺1.2メートル以上のものは「粗大ごみ」/全自動卓でも可,ま
燃えないゴミ,麻雀パイ、マット,,ま
資源,マイク,乾電池は取り外して「有害ごみ」,ま
燃えないゴミ,マイク,,ま
燃えないゴミ,マウス（パソコンの付属品）,,ま
燃えないゴミ,マウスパッド,,ま
燃えないゴミ,巻きす,,ま
資源,マグネット,,ま
燃えるゴミ,マグネットシート,,ま
燃えないゴミ,枕,中身（羽毛、綿、そば殻等）の材質は問わない,ま
燃えるゴミ,まごの手,,ま
燃えないゴミ,マジックペン,,ま
燃えるゴミ,マッチ,必ず水で湿らせてから指定ごみ袋へ,ま
燃えないゴミ,マット（布製、ビニール製とも）,1辺1.2メートル未満にたたむ,ま
1辺1.2メートル未満にたたむ,スプリングなし,,ま
資源,窓枠,自己施工のみ,ま
燃えないゴミ,窓枠,自己施工のみ,ま
燃えないゴミ,窓枠,自己施工のみ,ま
燃えないゴミ,まな板（木製、プラスチック製とも）,,ま
燃えないゴミ,マニキュアのびん,,ま
燃えないゴミ,マネキン,,ま
資源,マフラー（えりまき）,,ま
燃えないゴミ,魔法瓶,,ま
燃えないゴミ,豆電球,,ま
容器包装プラスチック類,マヨネーズチューブ,中身を使い切る,ま
燃えないゴミ,ミキサー,,み
資源,ミシン,プラスチック製のカバー（ふた）は「不燃ごみ」,み
燃えないゴミ,ミシン糸,糸巻きごと出す場合/糸だけなら「可燃ごみ」,み
燃えないゴミ,ミシンのカバー（ポータブルミシン）,,み
資源,水着,,み
燃えないゴミ,水切りかご,,み
資源,水切りかご,,み
容器包装プラスチック類,味噌の容器,軽くすすいでから出す,み
容器包装プラスチック類,味噌の容器,付着した中身が取れなければ「可燃ごみ」,み
燃えるゴミ,味噌汁椀,,み
燃えないゴミ,味噌汁椀,,み
燃えないゴミ,ミニカー,,み
資源,ミニカー,,み
燃えないゴミ,ミニコンポ,,み
燃えるゴミ,耳掻き,,み
燃えないゴミ,耳掻き,,み
燃えないゴミ,無圧ふとん,1辺1.2メートル未満にたたむ,む
燃えないゴミ,ムートン,,む
資源,ムートン,,む
燃えるゴミ,麦わら帽子,プラスチック製のものは「不燃ごみ」,む
燃えるゴミ,虫かご,,む
燃えないゴミ,虫かご,,む
資源,虫かご,,む
資源,蒸し器,,む
燃えないゴミ,虫眼鏡,,む
燃えないゴミ,むしろ,1辺1.2メートル未満にたたむ,む
燃えるゴミ,むしろ（小さく切ったもの）,,む
資源,名刺,,め
燃えないゴミ,眼鏡,,め
資源,メモ用紙,,め
資源,毛布,ペットが使用したものは「ペット使用」と表示し「不燃ごみ」,も
燃えないゴミ,毛布,詰め物があるものは資源化できないため,も
燃えないゴミ,毛布,1辺1.2メートル未満にたたむ,も
燃えないゴミ,木製家具,,も
燃えるゴミ,木炭,,も
燃えないゴミ,モップ,,も
資源,物置（金属製）,できるだけ解体する/3メートル、30キログラムを超えるものは資源組合で直接回収電話番号04-7131-1040,も
燃えないゴミ,物干し竿,1.2メートル未満にする,も
資源,物干し竿,長さ3メートル以下にする,も
資源,やかん,,や
燃えるゴミ,焼き鳥の串,危なくないように先を折るか包む,や
燃えないゴミ,薬品のビン,,や
燃えないゴミ,やなぎごおり,,や
資源,浴衣,,ゆ
燃えないゴミ,湯たんぽ,,ゆ
資源,湯たんぽ,,ゆ
資源,ユニフォーム,,ゆ
燃えないゴミ,湯のみ茶碗,,ゆ
資源,湯沸し器,,ゆ
燃えるゴミ,楊枝,,よ
燃えないゴミ,洋ダンス,,よ
燃えるゴミ,ヨーグルト・ヤクルトのふた（アルミ）,,よ
燃えるゴミ,ヨーグルト・ヤクルトのふた（プラスチック製）,,よ
燃えるゴミ,ヨーグルトの容器,軽くすすぐ,よ
燃えるゴミ,ヨーグルトの容器,,よ
資源,浴槽,30キログラムを超えるものは資源組合で直接回収?電話番号04-7131-1040,よ
燃えないゴミ,よしず,1辺1.2メートル未満にたたむ,よ
有害ごみ,ライター,ガスは使い切る/ライターだけ透明な袋に入れる,ら
燃えないゴミ,ラグマット,じゅうたんに似たもの,ら
燃えないゴミ,ラジオ,,ら
燃えないゴミ,ラジカセ,,ら
燃えないゴミ,ラジコン,,ら
燃えないゴミ,ラティス,1.8メートル×0.9メートル程度の大きさまで可,ら
容器包装プラスチック類,ラップ（食品ラップ）,油汚れの付いてないもの,ら
容器包装プラスチック類,ラップ（食品ラップ）,シールははがさなくてよい/汚れのひどいものは「可燃ごみ」,ら
容器包装プラスチック類,ラップ（食品ラップ）,汚れのひどいものは「可燃ごみ」,ら
燃えるゴミ,ラップの芯,,ら
燃えるゴミ,ラミネート加工の紙,,ら
燃えないゴミ,ランドセル,,ら
燃えないゴミ,ランプ,,ら
燃えないゴミ,リール,,り
資源,リール,,り
燃えないゴミ,リカービン,,り
燃えないゴミ,リコーダー（縦笛）,,り
燃えないゴミ,リモコン,乾電池は取り外して「有害ごみ」,り
資源,リヤカー,「資源品」と表示する,り
燃えないゴミ,リュックサック,,り
燃えないゴミ,ルーズリーフ,,る
資源,ルームランナー,,る
容器包装プラスチック類,冷凍食品の袋,,れ
燃えないゴミ,冷風機,,れ
資源,レインコート,,れ
資源,レース（テーブルクロス、カーテン等）,,れ
燃えないゴミ,レコード,レコードジャケットとは分別する,れ
資源,レコードジャケット,ビニールコーティングされてるものは「可燃ごみ」,れ
燃えないゴミ,レコードプレーヤー,,れ
資源,レザーの衣類,,れ
資源,レザーコート,,れ
資源,レザージャケット,,れ
資源,レザーパンツ,,れ
資源,レシート,感熱紙は「可燃ごみ」,れ
容器包装プラスチック類,レジ袋,,れ
燃えないゴミ,レジャーシート,,れ
燃えるゴミ,レトルトパック（カレー、中華材料など）,,れ
資源,レンジ台,,れ
燃えないゴミ,レンズ,,れ
燃えるゴミ,煉炭,,れ
燃えるゴミ,ろうびき紙,,ろ
燃えるゴミ,ろうそく,,ろ
燃えないゴミ,ロープ,できるだけ1メートルほどに切って出す,ろ
燃えないゴミ,ローラースケート,,ろ
燃えないゴミ,ロールカーテン,,ろ
燃えないゴミ,ワープロ,,わ
燃えないゴミ,ワープロリボン,できるだけ店頭回収へ,わ
燃えるゴミ,輪ゴム,,わ
資源,和紙,糸の入っていないもの,わ
燃えるゴミ,綿,,わ
燃えないゴミ,和ダンス,,わ
燃えるゴミ,ワッペン,,わ
資源,和服,,わ
燃えるゴミ,割り箸,,わ
燃えるゴミ,椀、味噌汁椀,,わ
燃えないゴミ,椀、味噌汁椀,,わ
資源,ワンカップ酒のビン,,わ
燃えるゴミ,腕章,,わ
